"loc","year","plot","gen","rep","trt","DHE","DMA","PLH","GYLD","TKW"
"Holetta","y2005","p1","EH1877","r1","t6",73,124,107,3821,47.7
"Holetta","y2005","p2","EH1505","r1","t3",73,125,107,3120,47.4
"Holetta","y2005","p3","EH1900","r1","t2",70,120,123,4175,46.4
"Holetta","y2005","p4","IBON2796","r1","t11",73,122,100,3980,54.3
"Holetta","y2005","p5","EH1869","r1","t7",78,127,117,3895,50.3
"Holetta","y2005","p6","EH1893","r1","t4",76,121,120,3880,42.8
"Holetta","y2005","p7","EH1864","r1","t10",77,125,118,3605,51.9
"Holetta","y2005","p8","EH1847","r1","t1",73,120,122,4460,51
"Holetta","y2005","p9","IBON4499","r1","t5",70,123,103,2760,49.8
"Holetta","y2005","p10","F2SXS13395","r1","t12",73,125,115,3880,53.6
"Holetta","y2005","p11","Beka","r1","t15",78,128,140,3525,41.1
"Holetta","y2005","p12","HB120","r1","t14",78,131,135,3595,42.1
"Holetta","y2005","p13","EH1551","r1","t8",70,127,112,3780,61.4
"Holetta","y2005","p14","BNEth019","r1","t13",70,121,108,3575,48.1
"Holetta","y2005","p15","EH18472","r1","t9",78,129,128,1225,49.4
"Holetta","y2005","p16","EH1893","r2","t4",78,130,120,3375,40.9
"Holetta","y2005","p17","Beka","r2","t15",80,129,127,2535,39.6
"Holetta","y2005","p18","BNEth019","r2","t13",70,120,113,2045,44.1
"Holetta","y2005","p19","IBON4499","r2","t5",75,125,108,2365,56.2
"Holetta","y2005","p20","EH18472","r2","t9",75,124,130,3125,44.6
"Holetta","y2005","p21","HB120","r2","t14",76,129,135,2775,41.1
"Holetta","y2005","p22","EH1864","r2","t10",79,123,107,2705,52.5
"Holetta","y2005","p23","EH1877","r2","t6",75,121,107,2540,49.4
"Holetta","y2005","p24","EH1869","r2","t7",80,129,123,2060,39.7
"Holetta","y2005","p25","F2SXS13395","r2","t12",75,129,125,4100,53.1
"Holetta","y2005","p26","EH1900","r2","t2",73,123,127,4430,53.1
"Holetta","y2005","p27","IBON2796","r2","t11",75,123,110,4475,54.9
"Holetta","y2005","p28","EH1505","r2","t3",75,123,117,3640,45.9
"Holetta","y2005","p29","EH1847","r2","t1",75,123,123,4385,42.7
"Holetta","y2005","p30","EH1551","r2","t8",73,127,120,4830,64.6
"Holetta","y2005","p31","IBON2796","r3","t11",73,121,122,2520,54.1
"Holetta","y2005","p32","EH18472","r3","t9",79,123,113,2245,40.1
"Holetta","y2005","p33","BNEth019","r3","t13",75,123,110,3260,42.5
"Holetta","y2005","p34","IBON4499","r3","t5",75,125,127,4570,56
"Holetta","y2005","p35","EH1847","r3","t1",75,121,105,3445,45.5
"Holetta","y2005","p36","EH1864","r3","t10",78,129,118,1310,50.9
"Holetta","y2005","p37","EH1869","r3","t7",80,129,123,3025,38.8
"Holetta","y2005","p38","EH1551","r3","t8",73,128,130,3120,61.6
"Holetta","y2005","p39","EH1893","r3","t4",80,129,133,3295,41.3
"Holetta","y2005","p40","Beka","r3","t15",80,125,113,1955,41.7
"Holetta","y2005","p41","EH1877","r3","t6",73,123,110,3055,45.5
"Holetta","y2005","p42","EH1505","r3","t3",75,127,113,2055,45.1
"Holetta","y2005","p43","EH1900","r3","t2",75,125,117,3623,47
"Holetta","y2005","p44","F2SXS13395","r3","t12",75,129,122,3510,51.3
"Holetta","y2005","p45","HB120","r3","t14",78,133,133,4270,44.5
"Holetta","y2005","p46","EH1551","r4","t8",75,128,113,4600,67.1
"Holetta","y2005","p47","IBON2796","r4","t11",75,127,110,3880,55.1
"Holetta","y2005","p48","BNEth019","r4","t13",73,124,112,3180,42.4
"Holetta","y2005","p49","EH1900","r4","t2",73,129,130,3475,45.9
"Holetta","y2005","p50","EH18472","r4","t9",80,125,130,2500,44.2
"Holetta","y2005","p51","Beka","r4","t15",80,129,125,2685,41.9
"Holetta","y2005","p52","HB120","r4","t14",80,129,125,2165,42.1
"Holetta","y2005","p53","EH1877","r4","t6",75,123,117,3205,50
"Holetta","y2005","p54","EH1869","r4","t7",81,125,122,3180,45.8
"Holetta","y2005","p55","EH1893","r4","t4",80,129,123,3165,43.1
"Holetta","y2005","p56","EH1864","r4","t10",80,130,118,2825,47.3
"Holetta","y2005","p57","IBON4499","r4","t5",73,128,102,3125,58.3
"Holetta","y2005","p58","F2SXS13395","r4","t12",75,130,115,3975,52.6
"Holetta","y2005","p59","EH1505","r4","t3",76,125,115,4275,48.7
"Holetta","y2005","p60","EH1847","r4","t1",75,127,123,3945,46.5
"Adet","y2005","p1","EH1877","r1","t6",64,99,89,2700,47.1
"Adet","y2005","p2","EH1505","r1","t3",67,101,88,2950,49.5
"Adet","y2005","p3","EH1900","r1","t2",65,96,96,2970,46.3
"Adet","y2005","p4","IBON2796","r1","t11",50,92,76,3025,52
"Adet","y2005","p5","EH1869","r1","t7",65,101,92,2210,45.9
"Adet","y2005","p6","EH1893","r1","t4",69,102,85,2550,39.2
"Adet","y2005","p7","EH1864","r1","t10",69,97,78,2215,35.9
"Adet","y2005","p8","EH1847","r1","t1",63,97,90,2925,46
"Adet","y2005","p9","IBON4499","r1","t5",64,99,59,2320,48
"Adet","y2005","p10","F2SXS13395","r1","t12",64,102,82,2490,44.5
"Adet","y2005","p11","Beka","r1","t15",71,102,104,2260,37
"Adet","y2005","p12","HB120","r1","t14",70,97,94,2200,34.2
"Adet","y2005","p13","EH1551","r1","t8",60,97,82,2980,60
"Adet","y2005","p14","BNEth019","r1","t13",63,97,77,2435,46.4
"Adet","y2005","p15","EH18472","r1","t9",69,102,107,2525,42.8
"Adet","y2005","p16","EH1893","r2","t4",69,102,94,2760,38.1
"Adet","y2005","p17","Beka","r2","t15",74,102,100,1630,37.6
"Adet","y2005","p18","BNEth019","r2","t13",60,94,80,2625,47.1
"Adet","y2005","p19","IBON4499","r2","t5",64,94,63,1695,44
"Adet","y2005","p20","EH18472","r2","t9",74,102,96,1385,38.1
"Adet","y2005","p21","HB120","r2","t14",71,102,95,1410,36.5
"Adet","y2005","p22","EH1864","r2","t10",69,102,54,1255,41.1
"Adet","y2005","p23","EH1877","r2","t6",63,96,74,3030,45.4
"Adet","y2005","p24","EH1869","r2","t7",69,102,95,1540,39.8
"Adet","y2005","p25","F2SXS13395","r2","t12",65,94,92,2480,47.1
"Adet","y2005","p26","EH1900","r2","t2",64,96,92,2575,45
"Adet","y2005","p27","IBON2796","r2","t11",55,94,74,2830,49.1
"Adet","y2005","p28","EH1505","r2","t3",67,102,88,2645,52.7
"Adet","y2005","p29","EH1847","r2","t1",63,94,99,2840,45.8
"Adet","y2005","p30","EH1551","r2","t8",57,94,87,3325,59.7
"Adet","y2005","p31","IBON2796","r3","t11",54,94,69,2770,53.8
"Adet","y2005","p32","EH18472","r3","t9",65,101,98,2230,45.1
"Adet","y2005","p33","BNEth019","r3","t13",57,102,81,2485,48.1
"Adet","y2005","p34","IBON4499","r3","t5",57,94,54,2150,49.2
"Adet","y2005","p35","EH1847","r3","t1",63,94,87,1935,49.4
"Adet","y2005","p36","EH1864","r3","t10",65,101,66,1395,40.5
"Adet","y2005","p37","EH1869","r3","t7",65,101,87,1625,40.5
"Adet","y2005","p38","EH1551","r3","t8",57,94,77,2580,58.4
"Adet","y2005","p39","EH1893","r3","t4",69,96,77,1690,34.8
"Adet","y2005","p40","Beka","r3","t15",74,102,86,1095,33.6
"Adet","y2005","p41","EH1877","r3","t6",60,101,74,2140,44
"Adet","y2005","p42","EH1505","r3","t3",67,100,83,2345,50.8
"Adet","y2005","p43","EH1900","r3","t2",64,96,85,2360,45.5
"Adet","y2005","p44","F2SXS13395","r3","t12",65,96,78,2045,44.3
"Adet","y2005","p45","HB120","r3","t14",69,103,93,1835,39.2
"Adet","y2005","p46","EH1551","r4","t8",63,98,68,1745,56.4
"Adet","y2005","p47","IBON2796","r4","t11",64,94,44,1365,42.9
"Adet","y2005","p48","BNEth019","r4","t13",63,96,73,1800,47.4
"Adet","y2005","p49","EH1900","r4","t2",67,96,59,1255,39.9
"Adet","y2005","p50","EH18472","r4","t9",69,101,85,1435,39.6
"Adet","y2005","p51","Beka","r4","t15",74,98,42,625,31.7
"Adet","y2005","p52","HB120","r4","t14",74,101,61,915,32
"Adet","y2005","p53","EH1877","r4","t6",67,96,65,1715,45.2
"Adet","y2005","p54","EH1869","r4","t7",69,101,85,1255,39.6
"Adet","y2005","p55","EH1893","r4","t4",67,96,86,2535,39.7
"Adet","y2005","p56","EH1864","r4","t10",69,96,59,1060,38.9
"Adet","y2005","p57","IBON4499","r4","t5",64,96,52,1325,43.6
"Adet","y2005","p58","F2SXS13395","r4","t12",65,94,81,2205,48.7
"Adet","y2005","p59","EH1505","r4","t3",67,98,79,2075,53.3
"Adet","y2005","p60","EH1847","r4","t1",63,94,75,1605,44.1
"SGonder","y2005","p1","EH1877","r1","t6",75,115,62.2,1405,37.7
"SGonder","y2005","p2","EH1505","r1","t3",82,117,70.4,1075,37.8
"SGonder","y2005","p3","EH1900","r1","t2",78,116,80.4,1055,34.4
"SGonder","y2005","p4","IBON2796","r1","t11",69,107,64.4,800,32.1
"SGonder","y2005","p5","EH1869","r1","t7",86,123,65,585,30.1
"SGonder","y2005","p6","EH1893","r1","t4",95,122,66,495,27.1
"SGonder","y2005","p7","EH1864","r1","t10",96,124,57.8,270,30.5
"SGonder","y2005","p8","EH1847","r1","t1",78,118,75.2,1120,31
"SGonder","y2005","p9","IBON4499","r1","t5",77,117,59.2,560,29.9
"SGonder","y2005","p10","F2SXS13395","r1","t12",79,118,58,755,32.6
"SGonder","y2005","p11","Beka","r1","t15",92,131,93.8,1020,29.6
"SGonder","y2005","p12","HB120","r1","t14",84,131,92.6,1745,32.2
"SGonder","y2005","p13","EH1551","r1","t8",60,117,77.4,2210,44.3
"SGonder","y2005","p14","BNEth019","r1","t13",71,117,89,1980,37.8
"SGonder","y2005","p15","EH18472","r1","t9",81,126,96.6,2085,38.6
"SGonder","y2005","p16","EH1893","r2","t4",82,125,83.2,2245,28.3
"SGonder","y2005","p17","Beka","r2","t15",86,126,85,1220,27.1
"SGonder","y2005","p18","BNEth019","r2","t13",70,117,72.2,1665,37
"SGonder","y2005","p19","IBON4499","r2","t5",70,115,70.6,1055,32.9
"SGonder","y2005","p20","EH18472","r2","t9",80,127,94.6,2090,37.5
"SGonder","y2005","p21","HB120","r2","t14",91,125,91.8,1670,31.9
"SGonder","y2005","p22","EH1864","r2","t10",84,124,57.4,1035,35.6
"SGonder","y2005","p23","EH1877","r2","t6",73,115,75.2,1505,36.4
"SGonder","y2005","p24","EH1869","r2","t7",62,125,68.2,590,29.8
"SGonder","y2005","p25","F2SXS13395","r2","t12",79,118,74.8,630,32.4
"SGonder","y2005","p26","EH1900","r2","t2",78,117,76,1145,33.2
"SGonder","y2005","p27","IBON2796","r2","t11",71,115,56,660,34.3
"SGonder","y2005","p28","EH1505","r2","t3",55,122,69.4,710,37.1
"SGonder","y2005","p29","EH1847","r2","t1",74,118,81.6,1035,32.4
"SGonder","y2005","p30","EH1551","r2","t8",72,118,74.8,1855,44.2
"SGonder","y2005","p31","IBON2796","r3","t11",69,110,54,350,30.1
"SGonder","y2005","p32","EH18472","r3","t9",80,123,79.8,935,31.1
"SGonder","y2005","p33","BNEth019","r3","t13",70,113,76.6,1875,36.6
"SGonder","y2005","p34","IBON4499","r3","t5",69,113,59.8,795,35.7
"SGonder","y2005","p35","EH1847","r3","t1",74,116,86,810,36.8
"SGonder","y2005","p36","EH1864","r3","t10",78,124,58.8,1160,34.5
"SGonder","y2005","p37","EH1869","r3","t7",79,124,72.4,1595,31.6
"SGonder","y2005","p38","EH1551","r3","t8",70,119,75.8,1935,47.7
"SGonder","y2005","p39","EH1893","r3","t4",77,119,78,1350,25.6
"SGonder","y2005","p40","Beka","r3","t15",83,124,81,1255,28.1
"SGonder","y2005","p41","EH1877","r3","t6",71,115,72.4,2395,37
"SGonder","y2005","p42","EH1505","r3","t3",79,119,73.4,1505,40.7
"SGonder","y2005","p43","EH1900","r3","t2",73,119,89.6,2215,36.5
"SGonder","y2005","p44","F2SXS13395","r3","t12",72,119,71.4,1050,35.3
"SGonder","y2005","p45","HB120","r3","t14",84,127,90.4,1900,31.2
"SGonder","y2005","p46","EH1551","r4","t8",67,119,75,1390,45.1
"SGonder","y2005","p47","IBON2796","r4","t11",68,109,52.4,565,30.9
"SGonder","y2005","p48","BNEth019","r4","t13",71,113,74.5,1025,36.6
"SGonder","y2005","p49","EH1900","r4","t2",78,117,72.2,1110,31.3
"SGonder","y2005","p50","EH18472","r4","t9",83,124,81.6,735,32.7
"SGonder","y2005","p51","Beka","r4","t15",94,123,71.2,410,20.9
"SGonder","y2005","p52","HB120","r4","t14",86,123,72.4,650,24.5
"SGonder","y2005","p53","EH1877","r4","t6",76,114,66,970,35.1
"SGonder","y2005","p54","EH1869","r4","t7",83,122,64.4,650,27
"SGonder","y2005","p55","EH1893","r4","t4",86,123,58,1350,27.1
"SGonder","y2005","p56","EH1864","r4","t10",92,126,57.6,295,33.2
"SGonder","y2005","p57","IBON4499","r4","t5",70,113,52.2,290,20.2
"SGonder","y2005","p58","F2SXS13395","r4","t12",77,114,75.2,420,31.6
"SGonder","y2005","p59","EH1505","r4","t3",79,113,82.4,845,37.2
"SGonder","y2005","p60","EH1847","r4","t1",76,115,81.2,1370,34.4
"Asasa","y2005","p1","EH1877","r1","t6",70,116,82,3638,39
"Asasa","y2005","p2","EH1505","r1","t3",74,114,85,3391,39.2
"Asasa","y2005","p3","EH1900","r1","t2",70,112,80,3356,42.8
"Asasa","y2005","p4","IBON2796","r1","t11",65,112,77,4445,50
"Asasa","y2005","p5","EH1869","r1","t7",80,114,97,3738,38
"Asasa","y2005","p6","EH1893","r1","t4",70,114,95,4169,30.4
"Asasa","y2005","p7","EH1864","r1","t10",70,112,75,3447,40.8
"Asasa","y2005","p8","EH1847","r1","t1",70,115,95,3720,46.2
"Asasa","y2005","p9","IBON4499","r1","t5",68,112,79,4439,45.2
"Asasa","y2005","p10","F2SXS13395","r1","t12",70,116,82,4121,45.2
"Asasa","y2005","p11","Beka","r1","t15",82,116,107,3141,28
"Asasa","y2005","p12","HB120","r1","t14",82,116,102,3566,31
"Asasa","y2005","p13","EH1551","r1","t8",68,114,80,4503,56
"Asasa","y2005","p14","BNEth019","r1","t13",65,110,85,4189,46.4
"Asasa","y2005","p15","EH18472","r1","t9",76,118,117,4075,39.4
"Asasa","y2005","p16","EH1893","r2","t4",75,116,90,4413,33.4
"Asasa","y2005","p17","Beka","r2","t15",82,118,124,3396,28.2
"Asasa","y2005","p18","BNEth019","r2","t13",67,108,80,4077,42.2
"Asasa","y2005","p19","IBON4499","r2","t5",70,114,72,4492,45
"Asasa","y2005","p20","EH18472","r2","t9",109,114,104,3433,36.6
"Asasa","y2005","p21","HB120","r2","t14",82,118,105,3170,28
"Asasa","y2005","p22","EH1864","r2","t10",70,115,65,3497,38.8
"Asasa","y2005","p23","EH1877","r2","t6",70,114,65,2938,44
"Asasa","y2005","p24","EH1869","r2","t7",80,118,104,3228,41
"Asasa","y2005","p25","F2SXS13395","r2","t12",76,112,85,3563,41.8
"Asasa","y2005","p26","EH1900","r2","t2",70,114,75,3832,41.8
"Asasa","y2005","p27","IBON2796","r2","t11",68,114,77,4968,47.4
"Asasa","y2005","p28","EH1505","r2","t3",79,118,97,4087,42.2
"Asasa","y2005","p29","EH1847","r2","t1",70,116,90,3951,43
"Asasa","y2005","p30","EH1551","r2","t8",68,116,90,3806,52.6
"Asasa","y2005","p31","IBON2796","r3","t11",77,114,77,4517,48.8
"Asasa","y2005","p32","EH18472","r3","t9",82,120,108,4309,39
"Asasa","y2005","p33","BNEth019","r3","t13",70,112,95,4826,44.6
"Asasa","y2005","p34","IBON4499","r3","t5",70,122,97,6255,50
"Asasa","y2005","p35","EH1847","r3","t1",73,116,108,4514,42.8
"Asasa","y2005","p36","EH1864","r3","t10",77,114,90,4480,42.2
"Asasa","y2005","p37","EH1869","r3","t7",79,118,105,3725,41.6
"Asasa","y2005","p38","EH1551","r3","t8",68,112,75,3326,58.4
"Asasa","y2005","p39","EH1893","r3","t4",75,112,92,3969,33.2
"Asasa","y2005","p40","Beka","r3","t15",82,118,105,3239,30
"Asasa","y2005","p41","EH1877","r3","t6",78,118,75,3369,45.8
"Asasa","y2005","p42","EH1505","r3","t3",73,112,85,4210,47.6
"Asasa","y2005","p43","EH1900","r3","t2",70,116,97,3680,46
"Asasa","y2005","p44","F2SXS13395","r3","t12",70,116,95,3841,42.4
"Asasa","y2005","p45","HB120","r3","t14",79,118,108,3265,34.8
"Asasa","y2005","p46","EH1551","r4","t8",67,112,82,3720,59.8
"Asasa","y2005","p47","IBON2796","r4","t11",67,112,75,4379,49
"Asasa","y2005","p48","BNEth019","r4","t13",66,108,87,4456,45
"Asasa","y2005","p49","EH1900","r4","t2",68,114,95,3634,44
"Asasa","y2005","p50","EH18472","r4","t9",80,118,110,3610,37.6
"Asasa","y2005","p51","Beka","r4","t15",82,120,112,3386,32.2
"Asasa","y2005","p52","HB120","r4","t14",80,116,112,3470,33.4
"Asasa","y2005","p53","EH1877","r4","t6",70,115,85,3471,43.4
"Asasa","y2005","p54","EH1869","r4","t7",100,118,92,3544,36
"Asasa","y2005","p55","EH1893","r4","t4",80,118,108,3583,29.8
"Asasa","y2005","p56","EH1864","r4","t10",78,120,80,3137,34.2
"Asasa","y2005","p57","IBON4499","r4","t5",70,122,90,6090,48.8
"Asasa","y2005","p58","F2SXS13395","r4","t12",78,122,110,5782,48.8
"Asasa","y2005","p59","EH1505","r4","t3",76,118,95,4540,42.6
"Asasa","y2005","p60","EH1847","r4","t1",70,114,90,4131,41
"Bekoji","y2005","p1","EH1877","r1","t6",85,161,85,4598,55.6
"Bekoji","y2005","p2","EH1505","r1","t3",92,162,95,3493,58.2
"Bekoji","y2005","p3","EH1900","r1","t2",91,159,110,3392,52.2
"Bekoji","y2005","p4","IBON2796","r1","t11",83,159,85,4303,56.4
"Bekoji","y2005","p5","EH1869","r1","t7",97,164,100,4252,56
"Bekoji","y2005","p6","EH1893","r1","t4",97,161,100,4041,49.2
"Bekoji","y2005","p7","EH1864","r1","t10",95,163,95,4341,54.8
"Bekoji","y2005","p8","EH1847","r1","t1",87,161,95,3927,53.4
"Bekoji","y2005","p9","IBON4499","r1","t5",94,163,90,3658,61.2
"Bekoji","y2005","p10","F2SXS13395","r1","t12",93,163,95,3490,56.8
"Bekoji","y2005","p11","Beka","r1","t15",104,163,110,2699,44
"Bekoji","y2005","p12","HB120","r1","t14",102,163,115,4396,44.4
"Bekoji","y2005","p13","EH1551","r1","t8",85,162,100,4278,63.6
"Bekoji","y2005","p14","BNEth019","r1","t13",87,161,98,4755,56
"Bekoji","y2005","p15","EH18472","r1","t9",97,161,100,4153,50.4
"Bekoji","y2005","p16","EH1893","r2","t4",109,169,95,4327,46.2
"Bekoji","y2005","p17","Beka","r2","t15",107,163,115,3974,43
"Bekoji","y2005","p18","BNEth019","r2","t13",85,159,98,3783,53.6
"Bekoji","y2005","p19","IBON4499","r2","t5",87,161,100,5778,56.4
"Bekoji","y2005","p20","EH18472","r2","t9",97,165,115,4601,47.6
"Bekoji","y2005","p21","HB120","r2","t14",97,163,115,3618,38.8
"Bekoji","y2005","p22","EH1864","r2","t10",97,161,90,4257,54.6
"Bekoji","y2005","p23","EH1877","r2","t6",87,159,90,4817,58.4
"Bekoji","y2005","p24","EH1869","r2","t7",95,163,100,5081,56.6
"Bekoji","y2005","p25","F2SXS13395","r2","t12",87,163,100,5226,59.8
"Bekoji","y2005","p26","EH1900","r2","t2",87,159,105,4249,53.2
"Bekoji","y2005","p27","IBON2796","r2","t11",83,161,95,5612,57
"Bekoji","y2005","p28","EH1505","r2","t3",92,163,95,3525,58.2
"Bekoji","y2005","p29","EH1847","r2","t1",87,161,100,5174,53
"Bekoji","y2005","p30","EH1551","r2","t8",83,161,100,5099,63.4
"Bekoji","y2005","p31","IBON2796","r3","t11",85,163,95,5370,54.4
"Bekoji","y2005","p32","EH18472","r3","t9",97,163,110,3979,54.2
"Bekoji","y2005","p33","BNEth019","r3","t13",85,159,95,5029,52
"Bekoji","y2005","p34","IBON4499","r3","t5",87,163,90,4351,59.2
"Bekoji","y2005","p35","EH1847","r3","t1",87,159,100,4149,52.4
"Bekoji","y2005","p36","EH1864","r3","t10",95,163,95,4404,53.4
"Bekoji","y2005","p37","EH1869","r3","t7",95,161,110,6204,53.2
"Bekoji","y2005","p38","EH1551","r3","t8",83,161,100,4257,63.6
"Bekoji","y2005","p39","EH1893","r3","t4",97,163,105,4665,46.8
"Bekoji","y2005","p40","Beka","r3","t15",97,163,105,3519,42
"Bekoji","y2005","p41","EH1877","r3","t6",87,163,95,5586,56.6
"Bekoji","y2005","p42","EH1505","r3","t3",92,163,90,4594,57
"Bekoji","y2005","p43","EH1900","r3","t2",95,161,105,3998,53.6
"Bekoji","y2005","p44","F2SXS13395","r3","t12",92,161,95,4546,59.2
"Bekoji","y2005","p45","HB120","r3","t14",102,163,110,4010,44.2
"Bekoji","y2005","p46","EH1551","r4","t8",85,161,100,3993,60.4
"Bekoji","y2005","p47","IBON2796","r4","t11",83,159,95,4606,54.8
"Bekoji","y2005","p48","BNEth019","r4","t13",85,159,100,4767,55.2
"Bekoji","y2005","p49","EH1900","r4","t2",87,161,105,5112,50.6
"Bekoji","y2005","p50","EH18472","r4","t9",97,161,115,4495,51.6
"Bekoji","y2005","p51","Beka","r4","t15",102,163,117,4717,41.8
"Bekoji","y2005","p52","HB120","r4","t14",104,163,115,4347,44
"Bekoji","y2005","p53","EH1877","r4","t6",87,161,90,5851,56.6
"Bekoji","y2005","p54","EH1869","r4","t7",97,161,105,5538,54.6
"Bekoji","y2005","p55","EH1893","r4","t4",107,163,100,5016,48.6
"Bekoji","y2005","p56","EH1864","r4","t10",97,161,90,5063,53.2
"Bekoji","y2005","p57","IBON4499","r4","t5",87,159,100,5184,60.2
"Bekoji","y2005","p58","F2SXS13395","r4","t12",87,161,105,4769,58
"Bekoji","y2005","p59","EH1505","r4","t3",91,161,100,3424,57
"Bekoji","y2005","p60","EH1847","r4","t1",87,159,107,4631,52.4
"Holetta","y2006","p1","EH1877","r1","t6",81,119,92,2480,50
"Holetta","y2006","p2","EH1505","r1","t3",77,119,105,2745,54
"Holetta","y2006","p3","EH1900","r1","t2",67,115,115,2590,48
"Holetta","y2006","p4","IBON2796","r1","t11",64,113,88,3000,49
"Holetta","y2006","p5","EH1869","r1","t7",83,126,113,3670,51
"Holetta","y2006","p6","EH1893","r1","t4",82,121,112,3375,39
"Holetta","y2006","p7","EH1864","r1","t10",82,125,83,2070,46
"Holetta","y2006","p8","EH1847","r1","t1",80,121,110,3160,48
"Holetta","y2006","p9","IBON4499","r1","t5",80,120,112,2630,55
"Holetta","y2006","p10","F2SXS13395","r1","t12",80,124,100,2355,50
"Holetta","y2006","p11","Beka","r1","t15",82,128,118,2770,43
"Holetta","y2006","p12","HB120","r1","t14",83,130,118,2170,42
"Holetta","y2006","p13","EH1551","r1","t8",67,112,103,1620,32
"Holetta","y2006","p14","BNEth019","r1","t13",66,116,93,2050,44
"Holetta","y2006","p15","EH18472","r1","t9",83,125,105,2455,48
"Holetta","y2006","p16","EH1893","r2","t4",82,125,108,3480,44
"Holetta","y2006","p17","Beka","r2","t15",83,126,108,1450,39
"Holetta","y2006","p18","BNEth019","r2","t13",67,116,92,2385,49
"Holetta","y2006","p19","IBON4499","r2","t5",80,120,118,3295,54
"Holetta","y2006","p20","EH18472","r2","t9",82,126,123,3360,51
"Holetta","y2006","p21","HB120","r2","t14",80,128,122,2695,42
"Holetta","y2006","p22","EH1864","r2","t10",81,121,95,2090,48
"Holetta","y2006","p23","EH1877","r2","t6",83,114,103,3220,52
"Holetta","y2006","p24","EH1869","r2","t7",83,128,105,3015,49
"Holetta","y2006","p25","F2SXS13395","r2","t12",80,125,100,2700,50
"Holetta","y2006","p26","EH1900","r2","t2",80,125,110,2915,49
"Holetta","y2006","p27","IBON2796","r2","t11",65,121,85,2755,49
"Holetta","y2006","p28","EH1505","r2","t3",80,120,112,3140,56
"Holetta","y2006","p29","EH1847","r2","t1",66,122,115,3030,48
"Holetta","y2006","p30","EH1551","r2","t8",65,110,102,2160,34
"Holetta","y2006","p31","IBON2796","r3","t11",80,117,88,2750,50
"Holetta","y2006","p32","EH18472","r3","t9",81,126,125,2985,48
"Holetta","y2006","p33","BNEth019","r3","t13",65,113,105,3285,50
"Holetta","y2006","p34","IBON4499","r3","t5",80,119,110,2375,55
"Holetta","y2006","p35","EH1847","r3","t1",80,122,108,3670,52
"Holetta","y2006","p36","EH1864","r3","t10",83,122,90,2395,48
"Holetta","y2006","p37","EH1869","r3","t7",83,128,115,2935,47
"Holetta","y2006","p38","EH1551","r3","t8",66,123,97,1710,30
"Holetta","y2006","p39","EH1893","r3","t4",82,125,112,3315,47
"Holetta","y2006","p40","Beka","r3","t15",82,125,123,3110,42
"Holetta","y2006","p41","EH1877","r3","t6",83,120,105,3195,52
"Holetta","y2006","p42","EH1505","r3","t3",79,122,97,2860,57
"Holetta","y2006","p43","EH1900","r3","t2",79,123,113,2965,50
"Holetta","y2006","p44","F2SXS13395","r3","t12",82,128,98,2770,52
"Holetta","y2006","p45","HB120","r3","t14",82,128,113,2620,44
"Holetta","y2006","p46","EH1551","r4","t8",65,111,100,2030,25
"Holetta","y2006","p47","IBON2796","r4","t11",63,115,83,2560,50
"Holetta","y2006","p48","BNEth019","r4","t13",63,117,97,3870,53
"Holetta","y2006","p49","EH1900","r4","t2",66,118,110,4080,51
"Holetta","y2006","p50","EH18472","r4","t9",80,123,127,3680,49
"Holetta","y2006","p51","Beka","r4","t15",83,128,120,3010,43
"Holetta","y2006","p52","HB120","r4","t14",81,128,120,2975,45
"Holetta","y2006","p53","EH1877","r4","t6",82,125,105,2735,52
"Holetta","y2006","p54","EH1869","r4","t7",83,128,110,3355,44
"Holetta","y2006","p55","EH1893","r4","t4",81,126,108,3440,45
"Holetta","y2006","p56","EH1864","r4","t10",83,126,88,3020,46
"Holetta","y2006","p57","IBON4499","r4","t5",80,120,108,3500,54
"Holetta","y2006","p58","F2SXS13395","r4","t12",81,117,90,2080,44
"Holetta","y2006","p59","EH1505","r4","t3",79,121,102,2795,56
"Holetta","y2006","p60","EH1847","r4","t1",80,119,117,4130,50
"Bekoji","y2006","p1","EH1877","r1","t6",91,143,115,4344,51.8
"Bekoji","y2006","p2","EH1505","r1","t3",90,145,115,4106,53.6
"Bekoji","y2006","p3","EH1900","r1","t2",90,151,125,5115,50.8
"Bekoji","y2006","p4","IBON2796","r1","t11",85,151,105,5391,45
"Bekoji","y2006","p5","EH1869","r1","t7",97,161,120,5812,54.4
"Bekoji","y2006","p6","EH1893","r1","t4",99,162,120,4939,46.6
"Bekoji","y2006","p7","EH1864","r1","t10",97,155,115,4395,52.4
"Bekoji","y2006","p8","EH1847","r1","t1",92,153,125,5058,53.2
"Bekoji","y2006","p9","IBON4499","r1","t5",92,147,135,4516,53
"Bekoji","y2006","p10","F2SXS13395","r1","t12",91,156,120,5839,57.6
"Bekoji","y2006","p11","Beka","r1","t15",99,166,135,5455,44.4
"Bekoji","y2006","p12","HB120","r1","t14",96,158,135,5695,42
"Bekoji","y2006","p13","EH1551","r1","t8",111,141,125,3316,35
"Bekoji","y2006","p14","BNEth019","r1","t13",86,145,120,4581,49.8
"Bekoji","y2006","p15","EH18472","r1","t9",97,155,130,5842,49.2
"Bekoji","y2006","p16","EH1893","r2","t4",92,155,120,6267,44.2
"Bekoji","y2006","p17","Beka","r2","t15",100,163,140,4658,45.8
"Bekoji","y2006","p18","BNEth019","r2","t13",86,149,115,4438,51.2
"Bekoji","y2006","p19","IBON4499","r2","t5",89,143,130,4219,54.6
"Bekoji","y2006","p20","EH18472","r2","t9",96,154,130,5031,50.4
"Bekoji","y2006","p21","HB120","r2","t14",97,157,135,5402,47
"Bekoji","y2006","p22","EH1864","r2","t10",97,158,110,4310,54.4
"Bekoji","y2006","p23","EH1877","r2","t6",90,147,110,5015,30.6
"Bekoji","y2006","p24","EH1869","r2","t7",93,155,125,4910,53.8
"Bekoji","y2006","p25","F2SXS13395","r2","t12",90,153,120,4380,55.6
"Bekoji","y2006","p26","EH1900","r2","t2",91,151,125,4498,49.2
"Bekoji","y2006","p27","IBON2796","r2","t11",87,149,105,4837,49.6
"Bekoji","y2006","p28","EH1505","r2","t3",91,148,120,3880,54.8
"Bekoji","y2006","p29","EH1847","r2","t1",92,151,120,4803,48.2
"Bekoji","y2006","p30","EH1551","r2","t8",85,141,120,3105,36.8
"Bekoji","y2006","p31","IBON2796","r3","t11",87,151,110,5922,48.2
"Bekoji","y2006","p32","EH18472","r3","t9",93,153,135,5303,51.6
"Bekoji","y2006","p33","BNEth019","r3","t13",87,151,115,5430,44.4
"Bekoji","y2006","p34","IBON4499","r3","t5",90,145,135,4562,52.4
"Bekoji","y2006","p35","EH1847","r3","t1",89,151,130,5902,53.4
"Bekoji","y2006","p36","EH1864","r3","t10",96,159,110,5462,53.4
"Bekoji","y2006","p37","EH1869","r3","t7",97,158,120,5252,55.4
"Bekoji","y2006","p38","EH1551","r3","t8",82,141,125,3551,35.4
"Bekoji","y2006","p39","EH1893","r3","t4",94,161,130,5494,44.6
"Bekoji","y2006","p40","Beka","r3","t15",97,162,135,3705,45
"Bekoji","y2006","p41","EH1877","r3","t6",93,153,105,4592,54.6
"Bekoji","y2006","p42","EH1505","r3","t3",91,154,115,4379,56.6
"Bekoji","y2006","p43","EH1900","r3","t2",90,158,130,4753,54.6
"Bekoji","y2006","p44","F2SXS13395","r3","t12",90,159,120,4875,57.4
"Bekoji","y2006","p45","HB120","r3","t14",97,162,135,5321,43
"Bekoji","y2006","p46","EH1551","r4","t8",83,141,125,3144,42.8
"Bekoji","y2006","p47","IBON2796","r4","t11",84,147,110,5234,48.4
"Bekoji","y2006","p48","BNEth019","r4","t13",85,149,120,4249,55.6
"Bekoji","y2006","p49","EH1900","r4","t2",89,153,125,4363,51.6
"Bekoji","y2006","p50","EH18472","r4","t9",93,151,135,4910,57.8
"Bekoji","y2006","p51","Beka","r4","t15",97,155,135,5402,43.8
"Bekoji","y2006","p52","HB120","r4","t14",96,155,135,4212,41.6
"Bekoji","y2006","p53","EH1877","r4","t6",91,151,115,4327,49.8
"Bekoji","y2006","p54","EH1869","r4","t7",94,156,120,5058,59.4
"Bekoji","y2006","p55","EH1893","r4","t4",95,156,125,6125,43.4
"Bekoji","y2006","p56","EH1864","r4","t10",96,154,105,5108,54.2
"Bekoji","y2006","p57","IBON4499","r4","t5",93,151,130,4558,52.2
"Bekoji","y2006","p58","F2SXS13395","r4","t12",92,158,120,5551,58.8
"Bekoji","y2006","p59","EH1505","r4","t3",92,151,115,4163,52.6
"Bekoji","y2006","p60","EH1847","r4","t1",94,159,125,5260,49
"Asasa","y2006","p1","EH1877","r1","t6",76,117,90,4903,48.6
"Asasa","y2006","p2","EH1505","r1","t3",78,116,100,4027,41.6
"Asasa","y2006","p3","EH1900","r1","t2",72,116,105,5011,46
"Asasa","y2006","p4","IBON2796","r1","t11",76,120,95,3303,43.8
"Asasa","y2006","p5","EH1869","r1","t7",80,122,105,1520,43.2
"Asasa","y2006","p6","EH1893","r1","t4",83,109,95,4719,36.4
"Asasa","y2006","p7","EH1864","r1","t10",79,121,90,5253,40.4
"Asasa","y2006","p8","EH1847","r1","t1",82,115,95,4721,41
"Asasa","y2006","p9","IBON4499","r1","t5",71,119,105,4206,48
"Asasa","y2006","p10","F2SXS13395","r1","t12",72,105,105,4367,46.6
"Asasa","y2006","p11","Beka","r1","t15",90,115,110,3493,27.4
"Asasa","y2006","p12","HB120","r1","t14",82,127,105,3491,34.6
"Asasa","y2006","p13","EH1551","r1","t8",69,119,105,2901,32.4
"Asasa","y2006","p14","BNEth019","r1","t13",70,104,100,4218,43.4
"Asasa","y2006","p15","EH18472","r1","t9",86,109,110,3496,43.4
"Asasa","y2006","p16","EH1893","r2","t4",83,119,100,4462,38.6
"Asasa","y2006","p17","Beka","r2","t15",80,117,105,3907,34
"Asasa","y2006","p18","BNEth019","r2","t13",70,124,100,3831,48.4
"Asasa","y2006","p19","IBON4499","r2","t5",71,105,110,4185,46.6
"Asasa","y2006","p20","EH18472","r2","t9",86,109,110,2209,30.2
"Asasa","y2006","p21","HB120","r2","t14",82,127,110,3651,30.6
"Asasa","y2006","p22","EH1864","r2","t10",74,127,95,5257,37.2
"Asasa","y2006","p23","EH1877","r2","t6",80,116,90,5329,40
"Asasa","y2006","p24","EH1869","r2","t7",80,125,100,4028,38
"Asasa","y2006","p25","F2SXS13395","r2","t12",72,125,100,5375,49.8
"Asasa","y2006","p26","EH1900","r2","t2",75,111,110,5360,45
"Asasa","y2006","p27","IBON2796","r2","t11",71,115,100,5590,52.6
"Asasa","y2006","p28","EH1505","r2","t3",74,121,100,4658,38.4
"Asasa","y2006","p29","EH1847","r2","t1",76,117,100,4520,43
"Asasa","y2006","p30","EH1551","r2","t8",68,101,100,3301,33.6
"Asasa","y2006","p31","IBON2796","r3","t11",70,116,95,5209,52.2
"Asasa","y2006","p32","EH18472","r3","t9",80,124,105,3596,36.2
"Asasa","y2006","p33","BNEth019","r3","t13",70,119,100,4549,38.8
"Asasa","y2006","p34","IBON4499","r3","t5",70,109,115,3039,46
"Asasa","y2006","p35","EH1847","r3","t1",71,120,115,3935,41.4
"Asasa","y2006","p36","EH1864","r3","t10",80,121,95,5498,37
"Asasa","y2006","p37","EH1869","r3","t7",76,127,105,3620,35.8
"Asasa","y2006","p38","EH1551","r3","t8",83,109,105,2243,26.6
"Asasa","y2006","p39","EH1893","r3","t4",76,126,110,4434,29.2
"Asasa","y2006","p40","Beka","r3","t15",80,126,115,2949,27
"Asasa","y2006","p41","EH1877","r3","t6",91,124,105,4233,36.6
"Asasa","y2006","p42","EH1505","r3","t3",80,119,105,4263,40.4
"Asasa","y2006","p43","EH1900","r3","t2",72,116,110,5106,48.8
"Asasa","y2006","p44","F2SXS13395","r3","t12",74,119,100,4880,46.4
"Asasa","y2006","p45","HB120","r3","t14",72,124,125,4338,33
"Asasa","y2006","p46","EH1551","r4","t8",71,103,95,2396,28.6
"Asasa","y2006","p47","IBON2796","r4","t11",71,115,95,3699,50.8
"Asasa","y2006","p48","BNEth019","r4","t13",70,109,95,3550,48.2
"Asasa","y2006","p49","EH1900","r4","t2",72,117,105,5274,47.6
"Asasa","y2006","p50","EH18472","r4","t9",82,127,105,4425,42.6
"Asasa","y2006","p51","Beka","r4","t15",84,127,115,5729,34.8
"Asasa","y2006","p52","HB120","r4","t14",80,125,110,4514,32.8
"Asasa","y2006","p53","EH1877","r4","t6",76,121,100,4435,45.4
"Asasa","y2006","p54","EH1869","r4","t7",76,122,90,4090,39.2
"Asasa","y2006","p55","EH1893","r4","t4",79,120,90,4368,33.6
"Asasa","y2006","p56","EH1864","r4","t10",80,120,90,5385,39.6
"Asasa","y2006","p57","IBON4499","r4","t5",71,135,100,3335,47.8
"Asasa","y2006","p58","F2SXS13395","r4","t12",103,118,95,5950,37.6
"Asasa","y2006","p59","EH1505","r4","t3",104,118,95,4417,38.6
"Asasa","y2006","p60","EH1847","r4","t1",74,117,105,4635,46.2
"Adet","y2006","p1","EH1877","r1","t6",66,103,151,3865,47.1
"Adet","y2006","p2","EH1505","r1","t3",69,103,160,1885,42.3
"Adet","y2006","p3","EH1900","r1","t2",64,97,164,2150,41
"Adet","y2006","p4","IBON2796","r1","t11",58,95,145,2580,41.9
"Adet","y2006","p5","EH1869","r1","t7",70,102,141,1335,35.3
"Adet","y2006","p6","EH1893","r1","t4",69,101,144,2075,30.5
"Adet","y2006","p7","EH1864","r1","t10",69,96,121,1005,36.7
"Adet","y2006","p8","EH1847","r1","t1",69,97,149,2135,36.8
"Adet","y2006","p9","IBON4499","r1","t5",60,92,161,2705,48.9
"Adet","y2006","p10","F2SXS13395","r1","t12",69,101,144,1515,34.7
"Adet","y2006","p11","Beka","r1","t15",78,103,135,660,25.4
"Adet","y2006","p12","HB120","r1","t14",75,103,138,900,26.9
"Adet","y2006","p13","EH1551","r1","t8",61,91,159,2710,40.3
"Adet","y2006","p14","BNEth019","r1","t13",59,95,153,2665,42.8
"Adet","y2006","p15","EH18472","r1","t9",70,108,149,1625,36.5
"Adet","y2006","p16","EH1893","r2","t4",70,103,139,1170,24.1
"Adet","y2006","p17","Beka","r2","t15",78,104,139,555,26
"Adet","y2006","p18","BNEth019","r2","t13",60,93,145,2710,41.7
"Adet","y2006","p19","IBON4499","r2","t5",62,92,158,2315,47.7
"Adet","y2006","p20","EH18472","r2","t9",74,103,144,1345,36.2
"Adet","y2006","p21","HB120","r2","t14",75,104,150,975,28.5
"Adet","y2006","p22","EH1864","r2","t10",69,97,131,965,36.4
"Adet","y2006","p23","EH1877","r2","t6",69,96,126,1645,38.8
"Adet","y2006","p24","EH1869","r2","t7",70,103,134,945,33.4
"Adet","y2006","p25","F2SXS13395","r2","t12",70,97,129,1070,36.6
"Adet","y2006","p26","EH1900","r2","t2",69,97,146,1585,37.4
"Adet","y2006","p27","IBON2796","r2","t11",59,94,133,2130,41.3
"Adet","y2006","p28","EH1505","r2","t3",70,103,144,2495,50.4
"Adet","y2006","p29","EH1847","r2","t1",64,101,154,2500,38.9
"Adet","y2006","p30","EH1551","r2","t8",61,93,165,3345,42.7
"Adet","y2006","p31","IBON2796","r3","t11",59,92,133,1480,39.4
"Adet","y2006","p32","EH18472","r3","t9",72,94,143,1505,38.9
"Adet","y2006","p33","BNEth019","r3","t13",60,96,150,2420,45.6
"Adet","y2006","p34","IBON4499","r3","t5",61,95,160,2175,47.4
"Adet","y2006","p35","EH1847","r3","t1",69,97,140,1445,38.3
"Adet","y2006","p36","EH1864","r3","t10",72,97,120,495,34.2
"Adet","y2006","p37","EH1869","r3","t7",70,103,133,610,34
"Adet","y2006","p38","EH1551","r3","t8",60,89,149,1405,48.2
"Adet","y2006","p39","EH1893","r3","t4",70,103,131,1330,26.5
"Adet","y2006","p40","Beka","r3","t15",78,106,124,315,25.2
"Adet","y2006","p41","EH1877","r3","t6",69,95,128,1385,36.8
"Adet","y2006","p42","EH1505","r3","t3",69,97,138,2140,45.7
"Adet","y2006","p43","EH1900","r3","t2",66,96,137,1200,35.5
"Adet","y2006","p44","F2SXS13395","r3","t12",74,96,127,685,31.9
"Adet","y2006","p45","HB120","r3","t14",78,106,121,400,24.9
"Adet","y2006","p46","EH1551","r4","t8",60,89,147,2355,40.2
"Adet","y2006","p47","IBON2796","r4","t11",60,90,127,1345,40.3
"Adet","y2006","p48","BNEth019","r4","t13",60,96,141,2680,46.3
"Adet","y2006","p49","EH1900","r4","t2",69,97,145,1565,37.6
"Adet","y2006","p50","EH18472","r4","t9",75,103,136,965,34.4
"Adet","y2006","p51","Beka","r4","t15",74,103,134,415,25.7
"Adet","y2006","p52","HB120","r4","t14",75,106,128,960,26.8
"Adet","y2006","p53","EH1877","r4","t6",69,96,133,1790,41.7
"Adet","y2006","p54","EH1869","r4","t7",75,105,133,845,31.1
"Adet","y2006","p55","EH1893","r4","t4",73,106,146,1675,30.6
"Adet","y2006","p56","EH1864","r4","t10",69,96,120,785,48.2
"Adet","y2006","p57","IBON4499","r4","t5",60,95,162,2560,38.2
"Adet","y2006","p58","F2SXS13395","r4","t12",69,103,149,1910,38
"Adet","y2006","p59","EH1505","r4","t3",69,102,141,2535,50.6
"Adet","y2006","p60","EH1847","r4","t1",69,101,154,1595,43.2
"SGonder","y2006","p1","EH1877","r1","t6",66,114,93,3680,43.5
"SGonder","y2006","p2","EH1505","r1","t3",72,116,100,4190,47.1
"SGonder","y2006","p3","EH1900","r1","t2",67,116,99,3850,42.3
"SGonder","y2006","p4","IBON2796","r1","t11",60,104,81,1875,40.5
"SGonder","y2006","p5","EH1869","r1","t7",78,125,99,3155,38.5
"SGonder","y2006","p6","EH1893","r1","t4",78,120,84,2675,33.1
"SGonder","y2006","p7","EH1864","r1","t10",72,121,91,2915,37
"SGonder","y2006","p8","EH1847","r1","t1",66,117,112,4890,42.5
"SGonder","y2006","p9","IBON4499","r1","t5",64,109,108,3335,45.3
"SGonder","y2006","p10","F2SXS13395","r1","t12",75,118,107,4160,41.1
"SGonder","y2006","p11","Beka","r1","t15",78,121,114,2735,30.3
"SGonder","y2006","p12","HB120","r1","t14",74,122,121,3420,33.1
"SGonder","y2006","p13","EH1551","r1","t8",65,100,94,2410,25.1
"SGonder","y2006","p14","BNEth019","r1","t13",65,114,100,3265,32.5
"SGonder","y2006","p15","EH18472","r1","t9",74,126,120,3690,41.9
"SGonder","y2006","p16","EH1893","r2","t4",70,120,89,2800,31.7
"SGonder","y2006","p17","Beka","r2","t15",76,121,102,2120,30.6
"SGonder","y2006","p18","BNEth019","r2","t13",66,114,103,4600,44.2
"SGonder","y2006","p19","IBON4499","r2","t5",62,104,115,4410,48
"SGonder","y2006","p20","EH18472","r2","t9",74,122,116,2740,35.6
"SGonder","y2006","p21","HB120","r2","t14",74,120,105,3735,34.4
"SGonder","y2006","p22","EH1864","r2","t10",72,117,90,2650,33.3
"SGonder","y2006","p23","EH1877","r2","t6",69,113,95,3750,43.9
"SGonder","y2006","p24","EH1869","r2","t7",75,123,106,3720,40.1
"SGonder","y2006","p25","F2SXS13395","r2","t12",70,120,104,4305,41.3
"SGonder","y2006","p26","EH1900","r2","t2",68,117,106,4345,43.5
"SGonder","y2006","p27","IBON2796","r2","t11",61,103,83,2760,40.9
"SGonder","y2006","p28","EH1505","r2","t3",72,114,101,3755,47.3
"SGonder","y2006","p29","EH1847","r2","t1",67,114,113,4885,42.2
"SGonder","y2006","p30","EH1551","r2","t8",64,100,93,2035,27
"SGonder","y2006","p31","IBON2796","r3","t11",58,103,99,4575,42.6
"SGonder","y2006","p32","EH18472","r3","t9",71,121,124,3920,38.7
"SGonder","y2006","p33","BNEth019","r3","t13",65,114,117,4495,42.4
"SGonder","y2006","p34","IBON4499","r3","t5",63,110,117,4350,45.9
"SGonder","y2006","p35","EH1847","r3","t1",65,116,116,5240,40
"SGonder","y2006","p36","EH1864","r3","t10",72,121,102,4310,41.3
"SGonder","y2006","p37","EH1869","r3","t7",72,124,107,5165,45.3
"SGonder","y2006","p38","EH1551","r3","t8",63,101,92,3260,30.4
"SGonder","y2006","p39","EH1893","r3","t4",63,117,99,2205,33.6
"SGonder","y2006","p40","Beka","r3","t15",74,122,113,3325,30.9
"SGonder","y2006","p41","EH1877","r3","t6",69,114,103,4520,44
"SGonder","y2006","p42","EH1505","r3","t3",71,119,107,4740,48.2
"SGonder","y2006","p43","EH1900","r3","t2",69,120,109,4440,42.4
"SGonder","y2006","p44","F2SXS13395","r3","t12",68,116,95,3065,41.2
"SGonder","y2006","p45","HB120","r3","t14",75,123,112,2515,32.1
"SGonder","y2006","p46","EH1551","r4","t8",63,100,96,1380,28.1
"SGonder","y2006","p47","IBON2796","r4","t11",58,102,73,1395,38.6
"SGonder","y2006","p48","BNEth019","r4","t13",64,111,94,3430,41.9
"SGonder","y2006","p49","EH1900","r4","t2",68,116,113,3460,42.5
"SGonder","y2006","p50","EH18472","r4","t9",71,121,110,2640,41.6
"SGonder","y2006","p51","Beka","r4","t15",77,122,108,2415,32.1
"SGonder","y2006","p52","HB120","r4","t14",76,121,104,2650,32.6
"SGonder","y2006","p53","EH1877","r4","t6",68,114,94,3340,45.1
"SGonder","y2006","p54","EH1869","r4","t7",74,123,101,2935,39.8
"SGonder","y2006","p55","EH1893","r4","t4",75,117,97,2610,30
"SGonder","y2006","p56","EH1864","r4","t10",72,120,85,1865,37.6
"SGonder","y2006","p57","IBON4499","r4","t5",63,110,104,3040,46.5
"SGonder","y2006","p58","F2SXS13395","r4","t12",66,115,100,3365,42.1
"SGonder","y2006","p59","EH1505","r4","t3",70,116,104,4235,45.9
"SGonder","y2006","p60","EH1847","r4","t1",64,115,111,4295,42.7
"Holetta","y2007","p1","EH1877","r1","t6",68,115,90,3030,45
"Holetta","y2007","p2","EH1505","r1","t3",72,119,100,2725,53
"Holetta","y2007","p3","EH1900","r1","t2",68,118,107,3375,51
"Holetta","y2007","p4","IBON2796","r1","t11",67,116,90,1490,47
"Holetta","y2007","p5","EH1869","r1","t7",78,128,108,3410,48
"Holetta","y2007","p6","EH1893","r1","t4",81,131,98,2875,44
"Holetta","y2007","p7","EH1864","r1","t10",77,122,90,2510,45
"Holetta","y2007","p8","EH1847","r1","t1",69,120,112,3085,49
"Holetta","y2007","p9","IBON4499","r1","t5",70,120,105,3155,54
"Holetta","y2007","p10","F2SXS13395","r1","t12",73,127,98,2020,47
"Holetta","y2007","p11","Beka","r1","t15",78,127,115,3200,40
"Holetta","y2007","p12","HB120","r1","t14",75,127,120,2885,42
"Holetta","y2007","p13","EH1551","r1","t8",66,110,100,680,24
"Holetta","y2007","p14","BNEth019","r1","t13",68,119,102,1370,43
"Holetta","y2007","p15","EH18472","r1","t9",75,122,122,1710,46
"Holetta","y2007","p16","EH1893","r2","t4",77,132,112,3425,43
"Holetta","y2007","p17","Beka","r2","t15",78,127,122,2640,40
"Holetta","y2007","p18","BNEth019","r2","t13",67,116,100,2385,46
"Holetta","y2007","p19","IBON4499","r2","t5",69,118,117,3575,54
"Holetta","y2007","p20","EH18472","r2","t9",75,122,122,3585,46
"Holetta","y2007","p21","HB120","r2","t14",75,131,123,3280,42
"Holetta","y2007","p22","EH1864","r2","t10",77,123,95,2055,45
"Holetta","y2007","p23","EH1877","r2","t6",70,120,103,2620,45
"Holetta","y2007","p24","EH1869","r2","t7",78,128,113,2995,44
"Holetta","y2007","p25","F2SXS13395","r2","t12",70,127,98,3285,50
"Holetta","y2007","p26","EH1900","r2","t2",67,120,107,3575,48
"Holetta","y2007","p27","IBON2796","r2","t11",67,117,92,2935,47
"Holetta","y2007","p28","EH1505","r2","t3",72,120,103,3015,52
"Holetta","y2007","p29","EH1847","r2","t1",68,121,107,4105,48
"Holetta","y2007","p30","EH1551","r2","t8",67,113,105,1275,32
"Holetta","y2007","p31","IBON2796","r3","t11",67,120,88,3120,51
"Holetta","y2007","p32","EH18472","r3","t9",75,123,113,3435,45
"Holetta","y2007","p33","BNEth019","r3","t13",69,117,98,2875,46
"Holetta","y2007","p34","IBON4499","r3","t5",69,117,100,2990,53
"Holetta","y2007","p35","EH1847","r3","t1",68,118,103,3870,47
"Holetta","y2007","p36","EH1864","r3","t10",72,123,90,2925,43
"Holetta","y2007","p37","EH1869","r3","t7",75,127,113,2835,42
"Holetta","y2007","p38","EH1551","r3","t8",67,111,105,660,22
"Holetta","y2007","p39","EH1893","r3","t4",76,125,103,3315,42
"Holetta","y2007","p40","Beka","r3","t15",76,125,110,2810,36
"Holetta","y2007","p41","EH1877","r3","t6",69,120,97,3300,41
"Holetta","y2007","p42","EH1505","r3","t3",72,120,100,3100,51
"Holetta","y2007","p43","EH1900","r3","t2",67,119,112,2960,47
"Holetta","y2007","p44","F2SXS13395","r3","t12",71,125,100,3015,49
"Holetta","y2007","p45","HB120","r3","t14",76,128,108,3400,42
"Holetta","y2007","p46","EH1551","r4","t8",69,110,98,1035,30
"Holetta","y2007","p47","IBON2796","r4","t11",67,120,88,2825,50
"Holetta","y2007","p48","BNEth019","r4","t13",67,117,100,2485,47
"Holetta","y2007","p49","EH1900","r4","t2",69,121,115,3335,50
"Holetta","y2007","p50","EH18472","r4","t9",75,124,120,3470,44
"Holetta","y2007","p51","Beka","r4","t15",77,128,127,2920,41
"Holetta","y2007","p52","HB120","r4","t14",72,121,120,3210,38
"Holetta","y2007","p53","EH1877","r4","t6",69,132,98,2960,38
"Holetta","y2007","p54","EH1869","r4","t7",78,125,115,3515,43
"Holetta","y2007","p55","EH1893","r4","t4",76,127,95,3440,40
"Holetta","y2007","p56","EH1864","r4","t10",77,125,88,2385,48
"Holetta","y2007","p57","IBON4499","r4","t5",70,125,103,2855,56
"Holetta","y2007","p58","F2SXS13395","r4","t12",72,125,112,2715,49
"Holetta","y2007","p59","EH1505","r4","t3",72,125,97,2975,47
"Holetta","y2007","p60","EH1847","r4","t1",68,123,115,4170,49
"Asasa","y2007","p1","EH1877","r1","t6",74,117,100,5593,44.8
"Asasa","y2007","p2","EH1505","r1","t3",71,119,105,4273,42
"Asasa","y2007","p3","EH1900","r1","t2",71,114,115,4394,45.6
"Asasa","y2007","p4","IBON2796","r1","t11",71,111,105,5588,48.8
"Asasa","y2007","p5","EH1869","r1","t7",74,115,105,4303,43
"Asasa","y2007","p6","EH1893","r1","t4",72,114,110,5519,35
"Asasa","y2007","p7","EH1864","r1","t10",75,119,100,4865,38.6
"Asasa","y2007","p8","EH1847","r1","t1",72,117,110,5101,42.8
"Asasa","y2007","p9","IBON4499","r1","t5",71,114,120,4185,40.8
"Asasa","y2007","p10","F2SXS13395","r1","t12",68,112,115,4828,46.2
"Asasa","y2007","p11","Beka","r1","t15",76,119,115,3361,28.4
"Asasa","y2007","p12","HB120","r1","t14",76,116,110,4594,29.4
"Asasa","y2007","p13","EH1551","r1","t8",68,116,115,2689,25.8
"Asasa","y2007","p14","BNEth019","r1","t13",71,115,115,4484,37
"Asasa","y2007","p15","EH18472","r1","t9",76,119,115,3232,33.6
"Asasa","y2007","p16","EH1893","r2","t4",74,118,110,3839,31.4
"Asasa","y2007","p17","Beka","r2","t15",76,116,110,2842,27.6
"Asasa","y2007","p18","BNEth019","r2","t13",71,114,110,3854,37
"Asasa","y2007","p19","IBON4499","r2","t5",71,112,110,4493,40
"Asasa","y2007","p20","EH18472","r2","t9",74,114,110,3861,39.2
"Asasa","y2007","p21","HB120","r2","t14",74,114,110,3704,29
"Asasa","y2007","p22","EH1864","r2","t10",71,111,85,3816,37.6
"Asasa","y2007","p23","EH1877","r2","t6",71,110,100,4470,40
"Asasa","y2007","p24","EH1869","r2","t7",74,115,110,4381,39.6
"Asasa","y2007","p25","F2SXS13395","r2","t12",68,112,110,3926,43
"Asasa","y2007","p26","EH1900","r2","t2",71,109,105,4979,46.6
"Asasa","y2007","p27","IBON2796","r2","t11",68,109,105,4955,47.6
"Asasa","y2007","p28","EH1505","r2","t3",71,114,95,3770,35.2
"Asasa","y2007","p29","EH1847","r2","t1",71,115,105,4645,44.2
"Asasa","y2007","p30","EH1551","r2","t8",74,115,105,3478,25.8
"Asasa","y2007","p31","IBON2796","r3","t11",71,111,105,7126,49.8
"Asasa","y2007","p32","EH18472","r3","t9",76,117,110,3359,35.8
"Asasa","y2007","p33","BNEth019","r3","t13",71,115,100,4105,40.2
"Asasa","y2007","p34","IBON4499","r3","t5",71,115,110,4233,42.4
"Asasa","y2007","p35","EH1847","r3","t1",71,112,110,5355,44
"Asasa","y2007","p36","EH1864","r3","t10",71,114,100,4107,36.4
"Asasa","y2007","p37","EH1869","r3","t7",74,119,105,3664,35
"Asasa","y2007","p38","EH1551","r3","t8",68,110,115,3491,31
"Asasa","y2007","p39","EH1893","r3","t4",74,115,105,3649,29
"Asasa","y2007","p40","Beka","r3","t15",76,115,110,3289,24.8
"Asasa","y2007","p41","EH1877","r3","t6",74,110,100,4390,42
"Asasa","y2007","p42","EH1505","r3","t3",71,114,100,4263,38.2
"Asasa","y2007","p43","EH1900","r3","t2",74,114,120,4732,37.8
"Asasa","y2007","p44","F2SXS13395","r3","t12",71,119,110,5060,42.2
"Asasa","y2007","p45","HB120","r3","t14",76,119,115,3795,29.4
"Asasa","y2007","p46","EH1551","r4","t8",71,115,115,3200,30.2
"Asasa","y2007","p47","IBON2796","r4","t11",68,112,105,6111,44
"Asasa","y2007","p48","BNEth019","r4","t13",68,112,105,4520,40
"Asasa","y2007","p49","EH1900","r4","t2",71,115,105,5060,43.6
"Asasa","y2007","p50","EH18472","r4","t9",76,114,110,4978,37.8
"Asasa","y2007","p51","Beka","r4","t15",76,119,115,3107,30.2
"Asasa","y2007","p52","HB120","r4","t14",76,118,115,3696,28
"Asasa","y2007","p53","EH1877","r4","t6",74,110,95,4099,42.2
"Asasa","y2007","p54","EH1869","r4","t7",74,116,110,5080,40.8
"Asasa","y2007","p55","EH1893","r4","t4",74,110,100,4733,35.2
"Asasa","y2007","p56","EH1864","r4","t10",72,112,85,4103,38.4
"Asasa","y2007","p57","IBON4499","r4","t5",71,115,110,4002,42.6
"Asasa","y2007","p58","F2SXS13395","r4","t12",74,118,105,4066,44.6
"Asasa","y2007","p59","EH1505","r4","t3",74,114,100,4053,40.8
"Asasa","y2007","p60","EH1847","r4","t1",76,114,105,5421,39.8
"Bekoji","y2007","p1","EH1877","r1","t6",85,116,105,4310,35.6
"Bekoji","y2007","p2","EH1505","r1","t3",87,115,110,3130,34.8
"Bekoji","y2007","p3","EH1900","r1","t2",87,118,120,4030,29
"Bekoji","y2007","p4","IBON2796","r1","t11",81,113,100,3655,49.8
"Bekoji","y2007","p5","EH1869","r1","t7",87,118,120,4495,47.4
"Bekoji","y2007","p6","EH1893","r1","t4",88,118,125,4890,42.4
"Bekoji","y2007","p7","EH1864","r1","t10",87,113,105,3580,45.8
"Bekoji","y2007","p8","EH1847","r1","t1",85,115,125,4690,44.6
"Bekoji","y2007","p9","IBON4499","r1","t5",83,113,125,3975,52.6
"Bekoji","y2007","p10","F2SXS13395","r1","t12",83,115,115,4390,51.4
"Bekoji","y2007","p11","Beka","r1","t15",89,119,135,4110,39.8
"Bekoji","y2007","p12","HB120","r1","t14",88,119,130,3615,41.2
"Bekoji","y2007","p13","EH1551","r1","t8",83,108,115,2235,33.8
"Bekoji","y2007","p14","BNEth019","r1","t13",83,115,105,3810,53.2
"Bekoji","y2007","p15","EH18472","r1","t9",89,119,130,3880,49.8
"Bekoji","y2007","p16","EH1893","r2","t4",89,121,115,4190,42.2
"Bekoji","y2007","p17","Beka","r2","t15",88,121,125,3840,38.8
"Bekoji","y2007","p18","BNEth019","r2","t13",83,115,110,3835,52
"Bekoji","y2007","p19","IBON4499","r2","t5",83,108,130,3695,51
"Bekoji","y2007","p20","EH18472","r2","t9",89,115,125,4610,46.4
"Bekoji","y2007","p21","HB120","r2","t14",88,118,135,4395,40.6
"Bekoji","y2007","p22","EH1864","r2","t10",83,113,105,2855,44.4
"Bekoji","y2007","p23","EH1877","r2","t6",83,113,105,4640,51
"Bekoji","y2007","p24","EH1869","r2","t7",88,115,125,4490,48.2
"Bekoji","y2007","p25","F2SXS13395","r2","t12",83,116,120,4805,47.8
"Bekoji","y2007","p26","EH1900","r2","t2",83,116,120,4360,49.6
"Bekoji","y2007","p27","IBON2796","r2","t11",81,111,100,4015,52.4
"Bekoji","y2007","p28","EH1505","r2","t3",88,113,110,3760,54.2
"Bekoji","y2007","p29","EH1847","r2","t1",88,115,115,4240,50.4
"Bekoji","y2007","p30","EH1551","r2","t8",85,108,115,2130,32
"Bekoji","y2007","p31","IBON2796","r3","t11",79,111,100,4140,51.6
"Bekoji","y2007","p32","EH18472","r3","t9",88,116,130,4440,48.2
"Bekoji","y2007","p33","BNEth019","r3","t13",83,113,120,4240,53
"Bekoji","y2007","p34","IBON4499","r3","t5",83,113,125,3280,53.6
"Bekoji","y2007","p35","EH1847","r3","t1",88,119,125,4330,51.6
"Bekoji","y2007","p36","EH1864","r3","t10",87,113,110,3785,47.2
"Bekoji","y2007","p37","EH1869","r3","t7",88,116,115,4095,44.8
"Bekoji","y2007","p38","EH1551","r3","t8",83,108,115,2175,32.6
"Bekoji","y2007","p39","EH1893","r3","t4",88,116,110,3255,39.8
"Bekoji","y2007","p40","Beka","r3","t15",90,119,130,3425,38.4
"Bekoji","y2007","p41","EH1877","r3","t6",83,116,105,3730,50.2
"Bekoji","y2007","p42","EH1505","r3","t3",88,113,110,3645,51.8
"Bekoji","y2007","p43","EH1900","r3","t2",88,119,120,4525,50
"Bekoji","y2007","p44","F2SXS13395","r3","t12",89,119,110,4145,50.6
"Bekoji","y2007","p45","HB120","r3","t14",93,122,120,2880,43.4
"Bekoji","y2007","p46","EH1551","r4","t8",83,108,115,2040,33.8
"Bekoji","y2007","p47","IBON2796","r4","t11",81,116,100,4090,34.6
"Bekoji","y2007","p48","BNEth019","r4","t13",83,113,110,3565,50.6
"Bekoji","y2007","p49","EH1900","r4","t2",84,116,120,4150,49.6
"Bekoji","y2007","p50","EH18472","r4","t9",87,116,125,4045,47.4
"Bekoji","y2007","p51","Beka","r4","t15",92,121,125,3890,41
"Bekoji","y2007","p52","HB120","r4","t14",90,121,125,3550,40.6
"Bekoji","y2007","p53","EH1877","r4","t6",87,112,100,4040,50.4
"Bekoji","y2007","p54","EH1869","r4","t7",88,118,125,3910,47.4
"Bekoji","y2007","p55","EH1893","r4","t4",90,121,120,4480,44.4
"Bekoji","y2007","p56","EH1864","r4","t10",88,116,110,3935,50.8
"Bekoji","y2007","p57","IBON4499","r4","t5",84,113,130,3300,53.6
"Bekoji","y2007","p58","F2SXS13395","r4","t12",88,119,120,4440,53.4
"Bekoji","y2007","p59","EH1505","r4","t3",87,116,120,4055,53.6
"Bekoji","y2007","p60","EH1847","r4","t1",88,119,125,5340,51.4
"SGonder","y2007","p1","EH1877","r1","t6",76,114,88,3435,42.4
"SGonder","y2007","p2","EH1505","r1","t3",80,113,90,1845,41.1
"SGonder","y2007","p3","EH1900","r1","t2",67,108,79,1410,40
"SGonder","y2007","p4","IBON2796","r1","t11",65,110,73,1095,37.8
"SGonder","y2007","p5","EH1869","r1","t7",81,128,93,1905,38.3
"SGonder","y2007","p6","EH1893","r1","t4",80,123,83,2215,33.2
"SGonder","y2007","p7","EH1864","r1","t10",79,124,76,1415,38.2
"SGonder","y2007","p8","EH1847","r1","t1",75,121,80,1555,35.9
"SGonder","y2007","p9","IBON4499","r1","t5",72,139,87,1705,42.1
"SGonder","y2007","p10","F2SXS13395","r1","t12",81,124,77,745,35.5
"SGonder","y2007","p11","Beka","r1","t15",80,129,81,935,33.4
"SGonder","y2007","p12","HB120","r1","t14",83,129,80,1210,31.6
"SGonder","y2007","p13","EH1551","r1","t8",70,101,83,340,27.2
"SGonder","y2007","p14","BNEth019","r1","t13",72,113,83,645,35
"SGonder","y2007","p15","EH18472","r1","t9",82,130,91,1140,41
"SGonder","y2007","p16","EH1893","r2","t4",81,133,85,1155,33.8
"SGonder","y2007","p17","Beka","r2","t15",80,134,86,1020,33.3
"SGonder","y2007","p18","BNEth019","r2","t13",72,121,82,1795,43.9
"SGonder","y2007","p19","IBON4499","r2","t5",75,113,89,1550,39
"SGonder","y2007","p20","EH18472","r2","t9",82,126,90,1480,39.7
"SGonder","y2007","p21","HB120","r2","t14",83,124,75,815,29.5
"SGonder","y2007","p22","EH1864","r2","t10",80,111,62,600,30.8
"SGonder","y2007","p23","EH1877","r2","t6",76,110,80,1670,35.1
"SGonder","y2007","p24","EH1869","r2","t7",80,128,86,1685,40.2
"SGonder","y2007","p25","F2SXS13395","r2","t12",81,125,85,2295,42.2
"SGonder","y2007","p26","EH1900","r2","t2",71,123,91,1355,45.5
"SGonder","y2007","p27","IBON2796","r2","t11",66,105,72,1235,34.3
"SGonder","y2007","p28","EH1505","r2","t3",80,121,82,1740,44.9
"SGonder","y2007","p29","EH1847","r2","t1",75,120,98,2480,42.4
"SGonder","y2007","p30","EH1551","r2","t8",69,101,83,630,24.1
"SGonder","y2007","p31","IBON2796","r3","t11",65,102,66,1345,33
"SGonder","y2007","p32","EH18472","r3","t9",83,122,98,2430,36.6
"SGonder","y2007","p33","BNEth019","r3","t13",67,119,86,3550,39.7
"SGonder","y2007","p34","IBON4499","r3","t5",74,119,92,1410,43.9
"SGonder","y2007","p35","EH1847","r3","t1",73,118,96,3735,41.5
"SGonder","y2007","p36","EH1864","r3","t10",80,123,83,2240,34.1
"SGonder","y2007","p37","EH1869","r3","t7",83,125,92,1975,36.1
"SGonder","y2007","p39","EH1893","r3","t4",82,106,66,455,24
"SGonder","y2007","p40","Beka","r3","t15",86,125,78,440,28.2
"SGonder","y2007","p41","EH1877","r3","t6",75,111,75,1475,40.9
"SGonder","y2007","p42","EH1505","r3","t3",81,123,82,1685,45.5
"SGonder","y2007","p43","EH1900","r3","t2",73,127,87,1875,42.3
"SGonder","y2007","p44","F2SXS13395","r3","t12",82,122,78,955,33.8
"SGonder","y2007","p45","HB120","r3","t14",82,126,90,1420,32.4
"SGonder","y2007","p46","EH1551","r4","t8",72,106,81,670,24.2
"SGonder","y2007","p47","IBON2796","r4","t11",70,108,60,880,34.5
"SGonder","y2007","p48","BNEth019","r4","t13",77,115,79,2130,39
"SGonder","y2007","p49","EH1900","r4","t2",72,117,85,1020,42.9
"SGonder","y2007","p50","EH18472","r4","t9",83,126,85,1530,40.5
"SGonder","y2007","p51","Beka","r4","t15",87,127,74,860,30.5
"SGonder","y2007","p52","HB120","r4","t14",83,127,82,905,32.6
"SGonder","y2007","p53","EH1877","r4","t6",76,113,78,2015,40.1
"SGonder","y2007","p54","EH1869","r4","t7",83,119,83,1985,38.6
"SGonder","y2007","p55","EH1893","r4","t4",83,119,82,2130,35.5
"SGonder","y2007","p56","EH1864","r4","t10",81,117,81,1860,42
"SGonder","y2007","p57","IBON4499","r4","t5",75,113,95,2645,43.9
"SGonder","y2007","p58","F2SXS13395","r4","t12",82,112,82,1880,36.5
"SGonder","y2007","p59","EH1505","r4","t3",82,113,90,2665,45.8
"SGonder","y2007","p60","EH1847","r4","t1",68,115,90,3020,43.6
"Adet","y2007","p1","EH1877","r1","t6",71,110,61,1525,39.5
"Adet","y2007","p2","EH1505","r1","t3",77,109,63,1150,43.5
"Adet","y2007","p3","EH1900","r1","t2",71,107,62,1070,33.5
"Adet","y2007","p4","IBON2796","r1","t11",68,110,58,1145,40.5
"Adet","y2007","p5","EH1869","r1","t7",77,124,62,465,31.5
"Adet","y2007","p6","EH1893","r1","t4",77,124,75,1050,27.5
"Adet","y2007","p7","EH1864","r1","t10",78,110,58,495,33.5
"Adet","y2007","p8","EH1847","r1","t1",71,110,73,1395,37
"Adet","y2007","p9","IBON4499","r1","t5",67,107,83,1720,45
"Adet","y2007","p10","F2SXS13395","r1","t12",72,124,85,1985,42
"Adet","y2007","p11","Beka","r1","t15",78,124,88,1610,30
"Adet","y2007","p12","HB120","r1","t14",78,124,85,1920,31
"Adet","y2007","p13","EH1551","r1","t8",67,106,86,1915,36.5
"Adet","y2007","p14","BNEth019","r1","t13",65,108,78,2730,45.5
"Adet","y2007","p15","EH18472","r1","t9",71,124,90,2185,41.5
"Adet","y2007","p16","EH1893","r2","t4",72,87,87,2995,34
"Adet","y2007","p17","Beka","r2","t15",77,93,93,1390,30
"Adet","y2007","p18","BNEth019","r2","t13",65,78,78,2255,41.5
"Adet","y2007","p19","IBON4499","r2","t5",65,93,93,2565,48.5
"Adet","y2007","p20","EH18472","r2","t9",77,124,87,1580,34
"Adet","y2007","p21","HB120","r2","t14",78,124,63,980,29
"Adet","y2007","p22","EH1864","r2","t10",77,110,69,1330,31.5
"Adet","y2007","p23","EH1877","r2","t6",69,107,63,1575,37
"Adet","y2007","p24","EH1869","r2","t7",78,124,68,735,33
"Adet","y2007","p25","F2SXS13395","r2","t12",84,124,58,445,31
"Adet","y2007","p26","EH1900","r2","t2",77,110,65,980,33
"Adet","y2007","p27","IBON2796","r2","t11",72,110,47,660,33
"Adet","y2007","p28","EH1505","r2","t3",77,110,66,1420,46
"Adet","y2007","p29","EH1847","r2","t1",72,110,61,715,31.5
"Adet","y2007","p30","EH1551","r2","t8",65,106,78,1485,37.5
"Adet","y2007","p31","IBON2796","r3","t11",69,110,76,2035,44.5
"Adet","y2007","p32","EH18472","r3","t9",76,124,100,1675,35
"Adet","y2007","p33","BNEth019","r3","t13",67,110,83,2865,42
"Adet","y2007","p34","IBON4499","r3","t5",67,106,95,3190,47.5
"Adet","y2007","p35","EH1847","r3","t1",77,110,86,2360,39
"Adet","y2007","p36","EH1864","r3","t10",78,110,47,635,32
"Adet","y2007","p37","EH1869","r3","t7",77,124,80,1110,36
"Adet","y2007","p38","EH1551","r3","t8",66,106,84,1760,34
"Adet","y2007","p39","EH1893","r3","t4",77,124,81,2645,33
"Adet","y2007","p40","Beka","r3","t15",68,124,96,1930,29
"Adet","y2007","p41","EH1877","r3","t6",68,106,87,2855,42.5
"Adet","y2007","p42","EH1505","r3","t3",72,110,84,2855,48.5
"Adet","y2007","p43","EH1900","r3","t2",69,107,99,2330,39.5
"Adet","y2007","p44","F2SXS13395","r3","t12",72,110,89,2560,40
"Adet","y2007","p45","HB120","r3","t14",75,124,109,3040,33.5
"Adet","y2007","p46","EH1551","r4","t8",65,104,78,1760,35.5
"Adet","y2007","p47","IBON2796","r4","t11",67,105,61,1005,36.5
"Adet","y2007","p48","BNEth019","r4","t13",67,107,71,1995,44.5
"Adet","y2007","p49","EH1900","r4","t2",67,108,73,1655,37.5
"Adet","y2007","p50","EH18472","r4","t9",75,124,84,1450,35
"Adet","y2007","p51","Beka","r4","t15",84,124,85,790,24
"Adet","y2007","p52","HB120","r4","t14",78,124,85,1565,27
"Adet","y2007","p53","EH1877","r4","t6",71,106,75,2405,37.5
"Adet","y2007","p54","EH1869","r4","t7",77,124,87,1460,33.5
"Adet","y2007","p55","EH1893","r4","t4",77,124,76,1950,28.5
"Adet","y2007","p56","EH1864","r4","t10",78,110,59,555,31.5
"Adet","y2007","p57","IBON4499","r4","t5",67,107,87,1910,43
"Adet","y2007","p58","F2SXS13395","r4","t12",83,124,71,805,33.5
"Adet","y2007","p59","EH1505","r4","t3",77,107,84,1660,44
"Adet","y2007","p60","EH1847","r4","t1",72,110,77,1015,33.5
